time,cog_index,correct_in_db,total_in_db,correct_in_GA,total_in_GA,precision
0,-1,0,0,0,0,0.0000
57,-1,0,0,0,0,0.0000
112,-1,0,0,0,0,0.0000
168,-1,0,0,0,1,0.0000
224,-1,0,0,1,7,0.1429
285,-1,0,0,1,7,0.1429
340,-1,0,0,0,0,0.0000
394,-1,0,0,0,0,0.0000
448,-1,0,0,0,0,0.0000
503,-1,0,0,0,0,0.0000
559,-1,0,0,0,0,0.0000
615,-1,0,0,5,24,0.2083
671,-1,0,0,5,24,0.2083
726,-1,0,0,5,24,0.2083
782,-1,0,0,1,2,0.5000
837,-1,0,0,2,9,0.2222
891,-1,0,0,2,9,0.2222
947,-1,0,0,2,9,0.2222
1002,-1,0,0,2,9,0.2222
1057,-1,0,0,2,9,0.2222
1113,-1,0,0,0,0,0.0000
1169,-1,0,0,0,0,0.0000
1224,-1,0,0,0,0,0.0000
1284,-1,0,0,0,0,0.0000
1339,-1,0,0,0,0,0.0000
1397,-1,0,0,0,0,0.0000
1453,-1,0,0,0,0,0.0000
1509,-1,0,0,0,0,0.0000
1564,-1,0,0,0,0,0.0000
1618,-1,0,0,0,0,0.0000
1673,-1,0,0,0,0,0.0000
1729,-1,0,0,0,0,0.0000
1784,-1,0,0,0,0,0.0000
1839,-1,0,0,0,0,0.0000
1895,-1,0,0,0,0,0.0000
1950,-1,0,0,0,0,0.0000
2005,-1,0,0,0,0,0.0000
2059,-1,0,0,0,0,0.0000
2118,-1,0,0,0,0,0.0000
2173,-1,0,0,0,0,0.0000
2229,-1,0,0,0,0,0.0000
2291,-1,0,0,0,0,0.0000
2348,-1,0,0,0,0,0.0000
2404,-1,0,0,0,0,0.0000
2459,-1,0,0,0,0,0.0000
2515,-1,0,0,0,0,0.0000
2570,-1,0,0,0,0,0.0000
2624,-1,0,0,0,0,0.0000
2679,-1,0,0,0,0,0.0000
2732,-1,0,0,0,0,0.0000
2793,-1,0,0,0,0,0.0000
2850,-1,0,0,0,0,0.0000
2903,-1,0,0,0,0,0.0000
2958,-1,0,0,0,0,0.0000
3013,-1,0,0,0,0,0.0000
3067,-1,0,0,0,0,0.0000
3121,-1,0,0,0,0,0.0000
3176,-1,0,0,0,0,0.0000
3231,-1,0,0,0,0,0.0000
3292,-1,0,0,0,0,0.0000
3347,-1,0,0,0,0,0.0000
3402,-1,0,0,0,0,0.0000
3456,-1,0,0,0,0,0.0000
3515,-1,0,0,0,0,0.0000
3571,-1,0,0,0,0,0.0000
3623,-1,0,0,0,0,0.0000
3677,-1,0,0,0,0,0.0000
3732,-1,0,0,0,0,0.0000
3787,-1,0,0,0,0,0.0000
3843,-1,0,0,0,0,0.0000
3898,-1,0,0,0,0,0.0000
3953,-1,0,0,0,0,0.0000
4009,-1,0,0,1,2,0.5000
4064,-1,0,0,1,2,0.5000
4119,-1,0,0,1,2,0.5000
4181,-1,0,0,1,2,0.5000
4235,-1,0,0,0,1,0.0000
4296,-1,0,0,0,1,0.0000
4353,-1,0,0,0,1,0.0000
4408,-1,0,0,0,1,0.0000
4462,-1,0,0,0,1,0.0000
4518,-1,0,0,0,1,0.0000
4575,-1,0,0,0,1,0.0000
4629,-1,0,0,0,1,0.0000
4686,-1,0,0,0,1,0.0000
4742,-1,0,0,0,1,0.0000
4799,-1,0,0,0,1,0.0000
4855,-1,0,0,0,1,0.0000
4920,-1,0,0,0,1,0.0000
4975,-1,0,0,0,0,0.0000
5029,-1,0,0,0,0,0.0000
5084,-1,0,0,0,0,0.0000
5140,-1,0,0,0,0,0.0000
5197,-1,0,0,0,0,0.0000
5253,-1,0,0,0,0,0.0000
5312,-1,0,0,0,0,0.0000
5366,-1,0,0,0,0,0.0000
5422,-1,0,0,0,0,0.0000
5476,-1,0,0,0,0,0.0000
5532,-1,0,0,0,0,0.0000
5595,-1,0,0,0,0,0.0000
5650,-1,0,0,0,0,0.0000
5706,-1,0,0,0,0,0.0000
5760,-1,0,0,0,0,0.0000
5816,-1,0,0,0,0,0.0000
5871,-1,0,0,0,0,0.0000
5926,-1,0,0,0,0,0.0000
5981,-1,0,0,0,0,0.0000
6037,-1,0,0,0,0,0.0000
6092,-1,0,0,0,0,0.0000
6147,-1,0,0,0,0,0.0000
6203,-1,0,0,0,0,0.0000
6262,-1,0,0,0,0,0.0000
6328,-1,0,0,0,0,0.0000
6384,-1,0,0,0,1,0.0000
6439,-1,0,0,0,1,0.0000
6495,-1,0,0,0,1,0.0000
6549,-1,0,0,0,1,0.0000
6603,-1,0,0,0,1,0.0000
6659,-1,0,0,0,1,0.0000
6714,-1,0,0,0,1,0.0000
6770,-1,0,0,0,1,0.0000
6824,-1,0,0,0,1,0.0000
6879,-1,0,0,0,1,0.0000
6934,-1,0,0,0,1,0.0000
6999,-1,0,0,0,1,0.0000
7053,-1,0,0,0,1,0.0000
7108,-1,0,0,0,1,0.0000
7162,-1,0,0,0,1,0.0000
7218,-1,0,0,0,6,0.0000
7278,-1,0,0,0,6,0.0000
7335,-1,0,0,0,6,0.0000
7390,-1,0,0,0,6,0.0000
7446,-1,0,0,0,6,0.0000
7502,-1,0,0,0,6,0.0000
7557,-1,0,0,0,6,0.0000
7613,-1,0,0,0,2,0.0000
7668,-1,0,0,0,2,0.0000
7734,-1,0,0,0,2,0.0000
7789,-1,0,0,0,2,0.0000
7846,-1,0,0,0,2,0.0000
7900,-1,0,0,0,2,0.0000
7957,-1,0,0,0,2,0.0000
8012,-1,0,0,0,2,0.0000
8067,-1,0,0,0,2,0.0000
8122,-1,0,0,0,2,0.0000
8178,-1,0,0,0,2,0.0000
8234,-1,0,0,0,2,0.0000
8292,-1,0,0,0,0,0.0000
8348,-1,0,0,0,1,0.0000
8418,-1,0,0,0,1,0.0000
8474,-1,0,0,0,1,0.0000
8530,-1,0,0,0,1,0.0000
8586,-1,0,0,0,1,0.0000
8641,-1,0,0,0,1,0.0000
8695,-1,0,0,0,1,0.0000
8750,-1,0,0,0,0,0.0000
8804,-1,0,0,0,0,0.0000
8860,-1,0,0,0,0,0.0000
8916,-1,0,0,0,0,0.0000
8971,-1,0,0,0,0,0.0000
9027,-1,0,0,0,0,0.0000
9082,-1,0,0,0,0,0.0000
9153,-1,0,0,0,0,0.0000
9208,-1,0,0,0,0,0.0000
9267,-1,0,0,0,0,0.0000
9322,-1,0,0,0,0,0.0000
9378,-1,0,0,0,0,0.0000
9432,-1,0,0,0,0,0.0000
9487,-1,0,0,0,0,0.0000
9541,-1,0,0,0,0,0.0000
9597,-1,0,0,0,0,0.0000
9653,-1,0,0,0,0,0.0000
9708,-1,0,0,0,0,0.0000
9762,-1,0,0,0,0,0.0000
9833,-1,0,0,0,0,0.0000
9889,-1,0,0,0,0,0.0000
9945,-1,0,0,0,0,0.0000
10000,-1,0,0,0,0,0.0000
10054,-1,0,0,0,0,0.0000
10109,-1,0,0,0,0,0.0000
10166,-1,0,0,0,0,0.0000
10221,-1,0,0,0,0,0.0000
10280,-1,0,0,0,0,0.0000
10336,-1,0,0,0,0,0.0000
10391,-1,0,0,0,0,0.0000
10447,-1,0,0,0,0,0.0000
10502,-1,0,0,0,0,0.0000
10574,-1,0,0,0,0,0.0000
10630,-1,0,0,0,1,0.0000
10686,-1,0,0,0,1,0.0000
10742,-1,0,0,0,1,0.0000
10798,-1,0,0,0,1,0.0000
10853,-1,0,0,0,1,0.0000
10908,-1,0,0,0,1,0.0000
10963,-1,0,0,0,1,0.0000
11019,-1,0,0,0,1,0.0000
11075,-1,0,0,0,1,0.0000
11130,-1,0,0,0,1,0.0000
11184,-1,0,0,0,1,0.0000
11260,-1,0,0,0,0,0.0000
11316,-1,0,0,0,0,0.0000
11371,-1,0,0,0,0,0.0000
11427,-1,0,0,0,0,0.0000
11481,-1,0,0,0,0,0.0000
11535,-1,0,0,0,0,0.0000
11590,-1,0,0,0,0,0.0000
11646,-1,0,0,0,0,0.0000
11701,-1,0,0,0,0,0.0000
11755,-1,0,0,0,0,0.0000
11810,-1,0,0,0,0,0.0000
11865,-1,0,0,0,0,0.0000
11920,-1,0,0,0,0,0.0000
11994,-1,0,0,0,0,0.0000
12049,-1,0,0,0,0,0.0000
12104,-1,0,0,0,0,0.0000
12158,-1,0,0,0,0,0.0000
12214,-1,0,0,0,0,0.0000
12272,-1,0,0,0,0,0.0000
12327,-1,0,0,0,0,0.0000
12382,-1,0,0,0,0,0.0000
12437,-1,0,0,0,0,0.0000
12492,-1,0,0,0,0,0.0000
12548,-1,0,0,0,0,0.0000
12604,-1,0,0,0,0,0.0000
12678,-1,0,0,0,0,0.0000
12734,-1,0,0,0,0,0.0000
12789,-1,0,0,0,0,0.0000
12844,-1,0,0,0,0,0.0000
12899,-1,0,0,0,0,0.0000
12954,-1,0,0,0,0,0.0000
13009,-1,0,0,0,0,0.0000
13064,-1,0,0,0,0,0.0000
13120,-1,0,0,0,0,0.0000
13176,-1,0,0,0,0,0.0000
13231,-1,0,0,0,0,0.0000
13291,-1,0,0,0,0,0.0000
13347,-1,0,0,0,0,0.0000
13422,-1,0,0,0,0,0.0000
13477,-1,0,0,0,0,0.0000
13532,-1,0,0,0,0,0.0000
13586,-1,0,0,0,0,0.0000
13643,-1,0,0,0,0,0.0000
13698,-1,0,0,0,0,0.0000
13753,-1,0,0,0,0,0.0000
13808,-1,0,0,0,0,0.0000
13863,-1,0,0,0,0,0.0000
13918,-1,0,0,0,0,0.0000
13973,-1,0,0,0,0,0.0000
14029,-1,0,0,0,0,0.0000
14106,-1,0,0,0,0,0.0000
14161,-1,0,0,0,0,0.0000
14217,-1,0,0,0,0,0.0000
14276,-1,0,0,0,0,0.0000
14333,-1,0,0,0,0,0.0000
14388,-1,0,0,0,0,0.0000
14443,-1,0,0,0,0,0.0000
14509,-1,0,0,1,2,0.5000
14564,-1,0,0,1,2,0.5000
14619,-1,0,0,0,0,0.0000
14675,-1,0,0,0,0,0.0000
14729,-1,0,0,0,0,0.0000
14784,-1,0,0,0,0,0.0000
14861,-1,0,0,0,0,0.0000
14915,-1,0,0,0,0,0.0000
14970,-1,0,0,0,0,0.0000
15026,-1,0,0,0,0,0.0000
15082,-1,0,0,0,0,0.0000
15138,-1,0,0,0,0,0.0000
15193,-1,0,0,4,24,0.1667
15248,-1,0,0,4,24,0.1667
15310,-1,0,0,4,24,0.1667
15365,-1,0,0,4,24,0.1667
15420,-1,0,0,4,24,0.1667
15475,-1,0,0,4,24,0.1667
15554,-1,0,0,4,24,0.1667
15610,-1,0,0,1,1,1.0000
15665,-1,0,0,1,1,1.0000
15720,-1,0,0,1,1,1.0000
15775,-1,0,0,1,1,1.0000
15831,-1,0,0,0,0,0.0000
15887,-1,0,0,0,0,0.0000
15941,-1,0,0,0,0,0.0000
15997,-1,0,0,0,0,0.0000
16052,-1,0,0,0,0,0.0000
16107,-1,0,0,0,0,0.0000
16163,-1,0,0,0,0,0.0000
16218,-1,0,0,0,0,0.0000
16301,-1,0,0,0,0,0.0000
16356,-1,0,0,0,0,0.0000
16412,-1,0,0,0,0,0.0000
16467,-1,0,0,0,0,0.0000
16522,-1,0,0,0,0,0.0000
16577,-1,0,0,0,0,0.0000
16633,-1,0,0,0,0,0.0000
16688,-1,0,0,0,0,0.0000
16743,-1,0,0,0,0,0.0000
16797,-1,0,0,0,0,0.0000
16852,-1,0,0,0,0,0.0000
16907,-1,0,0,0,0,0.0000
16989,-1,0,0,0,0,0.0000
17044,-1,0,0,0,0,0.0000
17099,-1,0,0,0,0,0.0000
17154,-1,0,0,0,0,0.0000
17208,-1,0,0,0,0,0.0000
17268,-1,0,0,0,0,0.0000
17323,-1,0,0,0,0,0.0000
17379,-1,0,0,0,0,0.0000
17433,-1,0,0,0,0,0.0000
17488,-1,0,0,0,0,0.0000
17542,-1,0,0,0,0,0.0000
17596,-1,0,0,0,0,0.0000
17652,-1,0,0,0,0,0.0000
17734,-1,0,0,0,0,0.0000
17789,-1,0,0,0,0,0.0000
17844,-1,0,0,0,0,0.0000
17900,-1,0,0,0,0,0.0000
17955,-1,0,0,0,0,0.0000
18009,-1,0,0,0,0,0.0000
18064,-1,0,0,0,0,0.0000
18119,-1,0,0,0,0,0.0000
18174,-1,0,0,0,0,0.0000
18227,-1,0,0,0,2,0.0000
18287,-1,0,0,0,2,0.0000
18342,-1,0,0,0,2,0.0000
18424,-1,0,0,0,2,0.0000
18479,-1,0,0,0,0,0.0000
18536,-1,0,0,0,0,0.0000
18592,-1,0,0,0,0,0.0000
18648,-1,0,0,0,0,0.0000
18705,-1,0,0,0,0,0.0000
18762,-1,0,0,0,0,0.0000
18817,-1,0,0,0,0,0.0000
18872,-1,0,0,0,0,0.0000
18928,-1,0,0,0,0,0.0000
18984,-1,0,0,0,0,0.0000
19040,-1,0,0,0,0,0.0000
19095,-1,0,0,0,0,0.0000
19180,-1,0,0,0,0,0.0000
19236,-1,0,0,0,0,0.0000
19298,-1,0,0,0,0,0.0000
19353,-1,0,0,0,0,0.0000
19408,-1,0,0,0,0,0.0000
19463,-1,0,0,0,0,0.0000
19518,-1,0,0,0,0,0.0000
19572,-1,0,0,0,0,0.0000
19628,-1,0,0,0,0,0.0000
19682,-1,0,0,0,0,0.0000
19738,-1,0,0,0,0,0.0000
19792,-1,0,0,0,0,0.0000
19877,-1,0,0,0,0,0.0000
19933,-1,0,0,0,0,0.0000
19989,-1,1,1,0,0,0.0000
20045,-1,1,1,0,0,0.0000
20101,-1,1,1,0,0,0.0000
20157,-1,1,1,0,0,0.0000
20214,-1,1,1,0,0,0.0000
20273,-1,1,1,0,0,0.0000
20329,-1,1,1,0,0,0.0000
20384,-1,1,1,0,0,0.0000
20439,-1,1,1,0,0,0.0000
20494,-1,1,1,1,1,1.0000
20550,-1,1,1,1,1,1.0000
20636,-1,1,1,1,1,1.0000
20692,-1,1,1,1,1,1.0000
20747,-1,1,1,1,1,1.0000
20802,-1,1,1,1,1,1.0000
20863,-1,1,1,1,1,1.0000
20918,-1,1,1,1,1,1.0000
20975,-1,1,1,1,1,1.0000
21031,-1,1,1,1,1,1.0000
21087,-1,1,1,1,1,1.0000
21142,-1,1,1,1,1,1.0000
21197,-1,1,1,1,1,1.0000
21254,-1,1,1,1,1,1.0000
21345,-1,1,1,1,1,1.0000
21400,-1,1,1,1,1,1.0000
21456,-1,1,1,1,1,1.0000
21512,-1,1,1,1,1,1.0000
21567,-1,1,1,1,1,1.0000
21622,-1,1,1,1,1,1.0000
21678,-1,1,1,1,1,1.0000
21733,-1,1,1,1,1,1.0000
21789,-1,1,1,1,1,1.0000
21845,-1,1,1,1,1,1.0000
21900,-1,1,1,1,1,1.0000
21955,-1,1,1,1,1,1.0000
22010,-1,1,1,1,1,1.0000
22099,-1,1,1,1,1,1.0000
22155,-1,1,1,1,1,1.0000
22210,-1,1,1,1,1,1.0000
22270,-1,1,1,1,1,1.0000
22326,-1,1,1,1,1,1.0000
22380,-1,1,1,1,1,1.0000
22434,-1,1,1,1,1,1.0000
22488,-1,1,1,1,1,1.0000
22542,-1,1,1,1,1,1.0000
22598,-1,1,1,1,1,1.0000
22652,-1,1,1,1,1,1.0000
22707,-1,1,1,1,1,1.0000
22797,-1,1,1,1,1,1.0000
22853,-1,1,1,1,1,1.0000
22908,-1,1,1,1,1,1.0000
22964,-1,1,1,1,1,1.0000
23019,-1,1,1,1,1,1.0000
23074,-1,1,1,1,1,1.0000
23130,-1,1,1,1,1,1.0000
23185,-1,1,1,1,1,1.0000
23241,-1,1,1,1,1,1.0000
23303,-1,1,1,1,1,1.0000
23359,-1,1,1,1,1,1.0000
23416,-1,1,1,1,1,1.0000
23470,-1,1,1,1,1,1.0000
23561,-1,1,1,1,1,1.0000
23616,-1,1,1,1,1,1.0000
23671,-1,1,1,1,1,1.0000
23727,-1,1,1,1,1,1.0000
23782,-1,1,1,1,1,1.0000
23837,-1,1,1,1,1,1.0000
23893,-1,1,1,1,1,1.0000
23948,-1,1,1,1,1,1.0000
24005,-1,1,1,1,1,1.0000
24060,-1,1,1,1,1,1.0000
24115,-1,1,1,1,1,1.0000
24171,-1,1,1,1,1,1.0000
24268,-1,1,1,1,1,1.0000
24324,-1,1,1,1,1,1.0000
24380,-1,1,1,1,1,1.0000
24435,-1,1,1,1,1,1.0000
24491,-1,1,1,1,1,1.0000
24547,-1,1,1,1,1,1.0000
24602,-1,1,1,1,1,1.0000
24657,-1,1,1,1,1,1.0000
24711,-1,1,1,1,1,1.0000
24767,-1,1,1,1,1,1.0000
24822,-1,1,1,1,1,1.0000
24876,-1,1,1,1,1,1.0000
24932,-1,1,1,1,1,1.0000
25025,-1,1,1,1,1,1.0000
25082,-1,1,1,1,1,1.0000
25138,-1,1,1,1,1,1.0000
25194,-1,1,1,1,1,1.0000
25249,-1,1,1,1,2,0.5000
25310,-1,1,1,1,2,0.5000
25366,-1,1,1,1,1,1.0000
25422,-1,1,1,1,1,1.0000
25478,-1,1,1,1,1,1.0000
25533,-1,1,1,1,1,1.0000
25588,-1,1,1,1,1,1.0000
25647,-1,1,1,1,1,1.0000
25741,-1,1,1,1,1,1.0000
25797,-1,1,1,1,1,1.0000
25852,-1,1,1,1,1,1.0000
25907,-1,1,1,1,1,1.0000
25963,-1,1,1,1,1,1.0000
26018,-1,1,1,1,1,1.0000
26074,-1,1,1,1,1,1.0000
26129,-1,1,1,1,1,1.0000
26184,-1,1,1,1,1,1.0000
26239,-1,1,1,1,1,1.0000
26298,-1,1,1,1,1,1.0000
26354,-1,1,1,1,1,1.0000
26409,-1,1,1,1,1,1.0000
26504,-1,1,1,1,1,1.0000
26559,-1,1,1,1,1,1.0000
26614,-1,1,1,1,1,1.0000
26668,-1,1,1,1,1,1.0000
26723,-1,1,1,1,1,1.0000
26778,-1,1,1,1,1,1.0000
26834,-1,1,1,1,1,1.0000
26889,-1,1,1,1,1,1.0000
26944,-1,1,1,1,1,1.0000
27000,-1,1,1,1,1,1.0000
27056,-1,1,1,1,1,1.0000
27111,-1,1,1,1,1,1.0000
27208,-1,1,1,1,1,1.0000
27269,-1,1,1,1,1,1.0000
27325,-1,1,1,1,1,1.0000
27382,-1,1,1,1,1,1.0000
27438,-1,1,1,1,1,1.0000
27494,-1,1,1,1,1,1.0000
27550,-1,1,1,1,1,1.0000
27605,-1,1,1,1,1,1.0000
27660,-1,1,1,1,1,1.0000
27716,-1,1,1,1,1,1.0000
27771,-1,1,1,1,1,1.0000
27826,-1,1,1,1,1,1.0000
27881,-1,1,1,1,2,0.5000
27978,-1,1,1,1,2,0.5000
28032,-1,1,1,1,2,0.5000
28088,-1,1,1,1,2,0.5000
28143,-1,1,1,1,2,0.5000
28198,-1,1,1,1,2,0.5000
28256,-1,1,1,1,2,0.5000
28312,-1,1,1,1,2,0.5000
28368,-1,1,1,1,2,0.5000
28424,-1,1,1,1,2,0.5000
28479,-1,1,1,1,2,0.5000
28534,-1,1,1,1,2,0.5000
28588,-1,1,1,1,2,0.5000
28686,-1,1,1,1,2,0.5000
28741,-1,1,1,1,2,0.5000
28795,-1,1,1,1,1,1.0000
28850,-1,1,1,1,1,1.0000
28904,-1,1,1,1,1,1.0000
28957,-1,1,1,1,1,1.0000
29012,-1,1,1,1,2,0.5000
29068,-1,1,1,1,2,0.5000
29123,-1,1,1,1,2,0.5000
29178,-1,1,1,1,2,0.5000
29234,-1,1,1,1,2,0.5000
29296,-1,2,2,1,2,0.5000
29352,-1,2,2,1,2,0.5000
29452,-1,2,2,1,2,0.5000
29508,-1,2,2,2,2,1.0000
29562,-1,2,2,2,2,1.0000
29618,-1,2,2,2,2,1.0000
29674,-1,2,2,2,2,1.0000
29730,-1,2,2,2,2,1.0000
29785,-1,2,2,2,2,1.0000
29840,-1,2,2,2,2,1.0000
29895,-1,2,2,2,2,1.0000
29951,-1,2,2,2,2,1.0000
30008,-1,2,2,2,2,1.0000
30063,-1,2,2,2,2,1.0000
30165,-1,2,2,2,2,1.0000
30222,-1,2,2,2,2,1.0000
30282,-1,2,2,2,2,1.0000
30338,-1,2,2,2,2,1.0000
30393,-1,2,2,2,2,1.0000
30449,-1,2,2,2,2,1.0000
30505,-1,2,2,2,2,1.0000
30560,-1,2,2,2,2,1.0000
30616,-1,2,2,2,2,1.0000
30671,-1,2,2,2,2,1.0000
30727,-1,2,2,2,2,1.0000
30783,-1,2,2,2,2,1.0000
30838,-1,2,2,2,2,1.0000
30940,-1,2,2,2,2,1.0000
30996,-1,2,2,2,2,1.0000
31050,-1,2,2,2,2,1.0000
31105,-1,2,2,2,2,1.0000
31160,-1,2,2,2,2,1.0000
31215,-1,2,2,2,2,1.0000
31274,-1,2,2,2,2,1.0000
31328,-1,3,3,3,3,1.0000
31385,-1,3,3,3,3,1.0000
31439,-1,3,3,3,3,1.0000
31495,-1,3,3,3,3,1.0000
31550,-1,3,3,3,3,1.0000
31652,-1,3,3,3,3,1.0000
31708,-1,3,3,3,3,1.0000
31765,-1,3,3,3,3,1.0000
31820,-1,3,3,3,3,1.0000
31876,-1,3,3,3,3,1.0000
31932,-1,3,3,3,3,1.0000
31989,-1,3,3,3,3,1.0000
32045,-1,3,3,3,3,1.0000
32100,-1,3,3,3,3,1.0000
32156,-1,3,3,3,3,1.0000
32211,-1,3,3,3,3,1.0000
32270,-1,3,3,3,3,1.0000
32326,-1,3,3,3,3,1.0000
32432,-1,3,3,3,3,1.0000
32487,-1,3,3,3,3,1.0000
32542,-1,3,3,3,3,1.0000
32598,-1,3,3,3,3,1.0000
32655,-1,3,3,3,3,1.0000
32710,-1,3,3,3,3,1.0000
32767,-1,3,3,3,3,1.0000
32822,-1,3,3,3,3,1.0000
32879,-1,3,3,3,3,1.0000
32938,-1,3,3,3,3,1.0000
32995,-1,3,3,3,3,1.0000
33049,-1,3,3,3,3,1.0000
33155,-1,3,3,3,3,1.0000
33211,-1,3,3,3,3,1.0000
33272,-1,3,3,3,3,1.0000
33329,-1,3,3,3,3,1.0000
33385,-1,3,3,3,3,1.0000
33441,-1,3,3,3,4,0.7500
33497,-1,3,3,3,4,0.7500
33553,-1,3,3,3,4,0.7500
33609,-1,3,3,3,4,0.7500
33664,-1,3,3,3,4,0.7500
33721,-1,3,3,3,4,0.7500
33776,-1,3,3,3,4,0.7500
33831,-1,3,3,3,4,0.7500
33939,-1,3,3,3,4,0.7500
33995,-1,3,3,3,4,0.7500
34051,-1,3,3,3,4,0.7500
34107,-1,3,3,3,4,0.7500
34163,-1,3,3,3,4,0.7500
34217,-1,3,3,3,4,0.7500
34276,-1,3,3,3,4,0.7500
34333,-1,3,3,3,4,0.7500
34389,-1,3,3,3,4,0.7500
34444,-1,3,3,3,4,0.7500
34501,-1,3,3,3,4,0.7500
34557,-1,3,3,3,4,0.7500
34663,-1,3,3,3,4,0.7500
34719,-1,3,3,3,4,0.7500
34774,-1,3,3,3,4,0.7500
34830,-1,3,3,3,4,0.7500
34886,-1,3,3,3,4,0.7500
34941,-1,3,3,3,4,0.7500
34995,-1,3,3,3,4,0.7500
35052,-1,3,3,3,4,0.7500
35108,-1,3,3,3,4,0.7500
35163,-1,3,3,3,4,0.7500
35218,-1,3,3,3,4,0.7500
35280,-1,3,3,3,4,0.7500
35336,-1,3,3,3,4,0.7500
35444,-1,3,3,3,4,0.7500
35501,-1,3,3,3,4,0.7500
35557,-1,3,3,3,4,0.7500
35611,-1,3,3,3,4,0.7500
35667,-1,3,3,3,4,0.7500
35722,-1,3,3,3,4,0.7500
35777,-1,3,3,3,4,0.7500
35833,-1,3,3,3,4,0.7500
35888,-1,3,3,3,4,0.7500
35943,-1,3,3,3,4,0.7500
35999,-1,3,3,3,4,0.7500
36054,-1,3,3,3,4,0.7500
36169,-1,3,3,3,4,0.7500
36224,-1,3,3,3,4,0.7500
36284,-1,3,3,3,4,0.7500
36339,-1,3,3,3,4,0.7500
36394,-1,3,3,3,4,0.7500
36449,-1,3,3,3,4,0.7500
36505,-1,3,3,3,4,0.7500
36561,-1,3,3,3,4,0.7500
36617,-1,3,3,3,4,0.7500
36672,-1,3,3,3,4,0.7500
36728,-1,3,3,3,4,0.7500
36783,-1,3,3,3,4,0.7500
36840,-1,3,3,3,4,0.7500
36952,-1,3,3,3,4,0.7500
37008,-1,3,3,3,4,0.7500
37064,-1,3,3,3,4,0.7500
37119,-1,3,3,3,4,0.7500
37174,-1,3,3,3,4,0.7500
37230,-1,3,3,3,4,0.7500
37290,-1,3,3,3,4,0.7500
37345,-1,3,3,3,4,0.7500
37400,-1,3,3,3,4,0.7500
37455,-1,3,3,3,4,0.7500
37509,-1,3,3,3,4,0.7500
37564,-1,3,3,3,4,0.7500
37676,-1,3,3,3,4,0.7500
37732,-1,3,3,3,4,0.7500
37787,-1,3,3,3,4,0.7500
37842,-1,3,3,3,4,0.7500
37898,-1,3,3,3,4,0.7500
37955,-1,3,3,3,4,0.7500
38010,-1,3,3,3,4,0.7500
38067,-1,3,3,3,4,0.7500
38122,-1,3,3,3,4,0.7500
38178,-1,4,4,3,4,0.7500
38235,-1,4,4,3,4,0.7500
38295,-1,4,4,3,4,0.7500
38351,-1,4,4,3,4,0.7500
38463,-1,4,4,3,4,0.7500
38520,-1,4,4,3,4,0.7500
38575,-1,4,4,3,4,0.7500
38630,-1,4,4,3,4,0.7500
38687,-1,4,4,3,4,0.7500
38742,-1,4,4,3,4,0.7500
38798,-1,4,4,3,4,0.7500
38854,-1,4,4,3,4,0.7500
38911,-1,4,4,3,4,0.7500
38967,-1,4,4,3,4,0.7500
39022,-1,4,4,3,4,0.7500
39077,-1,4,4,3,4,0.7500
39190,-1,4,4,3,4,0.7500
39246,-1,4,4,3,4,0.7500
39306,-1,4,4,4,5,0.8000
39364,-1,4,4,4,5,0.8000
39419,-1,4,4,4,4,1.0000
39474,-1,4,4,4,4,1.0000
39529,-1,4,4,4,4,1.0000
39585,-1,4,4,4,4,1.0000
39642,-1,4,4,4,4,1.0000
39698,-1,4,4,4,4,1.0000
39754,-1,4,4,4,4,1.0000
39811,-1,4,4,4,4,1.0000
39867,-1,4,4,4,4,1.0000
39983,-1,4,4,4,4,1.0000
40038,-1,4,4,4,4,1.0000
40095,-1,4,4,4,4,1.0000
40152,-1,4,4,4,4,1.0000
40209,-1,4,4,4,4,1.0000
40269,-1,4,4,4,4,1.0000
40324,-1,4,4,4,4,1.0000
40379,-1,4,4,4,4,1.0000
40434,-1,4,4,4,4,1.0000
40489,-1,4,4,4,4,1.0000
40545,-1,4,4,4,4,1.0000
40600,-1,4,4,4,4,1.0000
40716,-1,4,4,4,4,1.0000
40773,-1,4,4,4,4,1.0000
40828,-1,4,4,4,4,1.0000
40884,-1,4,4,4,4,1.0000
40940,-1,4,4,4,4,1.0000
40996,-1,4,4,4,4,1.0000
41051,-1,4,4,4,4,1.0000
41107,-1,4,4,4,4,1.0000
41163,-1,4,4,4,4,1.0000
41220,-1,4,4,4,4,1.0000
41281,-1,4,4,4,4,1.0000
41337,-1,4,4,4,4,1.0000
41394,-1,4,4,4,4,1.0000
41512,-1,4,4,4,4,1.0000
41567,-1,4,4,4,4,1.0000
41621,-1,4,4,4,4,1.0000
41679,-1,4,4,4,4,1.0000
41735,-1,4,4,5,9,0.5556
41791,-1,4,4,5,9,0.5556
41847,-1,4,4,5,9,0.5556
41902,-1,4,4,5,9,0.5556
41960,-1,4,4,5,9,0.5556
42017,-1,4,4,5,9,0.5556
42073,-1,4,4,5,9,0.5556
42129,-1,4,4,5,9,0.5556
42250,-1,4,4,5,9,0.5556
42312,-1,4,4,5,9,0.5556
42368,-1,4,4,5,9,0.5556
42422,-1,4,4,5,9,0.5556
42478,-1,4,4,5,9,0.5556
42534,-1,4,4,5,9,0.5556
42589,-1,4,4,5,9,0.5556
42645,-1,4,4,5,9,0.5556
42700,-1,4,4,5,9,0.5556
42755,-1,4,4,5,9,0.5556
42812,-1,4,4,5,9,0.5556
42868,-1,4,4,5,9,0.5556
42925,-1,4,4,5,9,0.5556
43046,-1,4,4,4,5,0.8000
43101,-1,4,4,4,5,0.8000
43157,-1,4,4,4,5,0.8000
43213,-1,4,4,4,5,0.8000
43273,-1,4,4,4,5,0.8000
43330,-1,4,4,4,5,0.8000
43385,-1,4,4,4,5,0.8000
43440,-1,4,4,4,5,0.8000
43495,-1,4,4,4,5,0.8000
43551,-1,4,4,4,5,0.8000
43607,-1,4,4,4,5,0.8000
43662,-1,4,4,4,5,0.8000
43783,-1,4,4,4,5,0.8000
43837,-1,4,4,4,5,0.8000
43893,-1,4,4,4,5,0.8000
43950,-1,4,4,4,5,0.8000
44006,-1,4,4,4,5,0.8000
44062,-1,4,4,4,5,0.8000
44117,-1,4,4,4,5,0.8000
44173,-1,4,4,4,4,1.0000
44230,-1,4,4,4,4,1.0000
44292,-1,4,4,4,4,1.0000
44347,-1,4,4,4,4,1.0000
44403,-1,4,4,4,4,1.0000
44459,-1,4,4,4,4,1.0000
44581,-1,4,4,4,4,1.0000
44636,-1,4,4,4,4,1.0000
44691,-1,4,4,4,4,1.0000
44746,-1,4,4,4,4,1.0000
44802,-1,4,4,4,4,1.0000
44857,-1,4,4,4,4,1.0000
44913,-1,4,4,4,4,1.0000
44969,-1,4,4,4,4,1.0000
45024,-1,4,4,4,4,1.0000
45080,-1,4,4,4,4,1.0000
45135,-1,4,4,4,4,1.0000
45191,-1,4,4,4,4,1.0000
45318,-1,4,4,4,4,1.0000
45375,-1,4,4,4,4,1.0000
45430,-1,4,4,4,4,1.0000
45486,-1,4,4,4,4,1.0000
45540,-1,4,4,4,4,1.0000
45595,-1,4,4,4,4,1.0000
45651,-1,4,4,4,4,1.0000
45707,-1,4,4,4,4,1.0000
45763,-1,4,4,4,4,1.0000
45819,-1,4,4,4,4,1.0000
45874,-1,4,4,4,4,1.0000
45928,-1,4,4,4,4,1.0000
45983,-1,4,4,4,4,1.0000
46108,-1,4,4,4,4,1.0000
46163,-1,4,4,4,4,1.0000
46218,-1,4,4,4,4,1.0000
46278,-1,4,4,4,4,1.0000
46333,-1,4,4,4,4,1.0000
46388,-1,4,4,4,4,1.0000
46443,-1,4,4,4,4,1.0000
46499,-1,4,4,4,4,1.0000
46553,-1,4,4,4,4,1.0000
46608,-1,4,4,4,4,1.0000
46664,-1,4,4,4,4,1.0000
46719,-1,4,4,4,4,1.0000
46842,-1,4,4,4,4,1.0000
46898,-1,4,4,4,4,1.0000
46953,-1,4,4,4,4,1.0000
47009,-1,4,4,4,4,1.0000
47064,-1,4,4,4,4,1.0000
47119,-1,4,4,4,4,1.0000
47174,-1,4,4,4,4,1.0000
47231,-1,4,4,4,4,1.0000
47293,-1,4,4,4,4,1.0000
47349,-1,4,4,4,4,1.0000
47405,-1,4,4,4,4,1.0000
47462,-1,4,4,4,4,1.0000
47518,-1,4,4,4,4,1.0000
47645,-1,4,4,4,4,1.0000
47699,-1,4,4,4,4,1.0000
47755,-1,4,4,4,4,1.0000
47810,-1,4,4,4,4,1.0000
47865,-1,4,4,4,4,1.0000
47920,-1,4,4,4,4,1.0000
47975,-1,4,4,4,4,1.0000
48032,-1,4,4,4,4,1.0000
48088,-1,4,4,4,4,1.0000
48144,-1,4,4,4,4,1.0000
48199,-1,4,4,4,4,1.0000
48258,-1,4,4,4,4,1.0000
48389,-1,4,4,4,4,1.0000
48446,-1,4,4,4,4,1.0000
48503,-1,4,4,4,4,1.0000
48558,-1,4,4,4,4,1.0000
48615,-1,4,4,4,4,1.0000
48671,-1,4,4,4,4,1.0000
48727,-1,4,4,4,4,1.0000
48783,-1,4,4,4,4,1.0000
48839,-1,4,4,4,4,1.0000
48895,-1,4,4,4,4,1.0000
48953,-1,4,4,4,4,1.0000
49009,-1,4,4,4,4,1.0000
49065,-1,4,4,4,4,1.0000
49195,-1,4,4,4,4,1.0000
49251,-1,4,4,4,4,1.0000
49309,-1,4,4,4,4,1.0000
49365,-1,4,4,4,4,1.0000
49421,-1,4,4,4,4,1.0000
49477,-1,4,4,4,4,1.0000
49533,-1,4,4,4,4,1.0000
49589,-1,4,4,4,4,1.0000
49645,-1,4,4,4,4,1.0000
49700,-1,4,4,4,4,1.0000
49756,-1,4,4,4,4,1.0000
49812,-1,4,4,4,4,1.0000
49941,-1,4,4,4,4,1.0000
49997,-1,4,4,4,4,1.0000
50052,-1,4,4,4,4,1.0000
50108,-1,4,4,4,4,1.0000
50163,-1,4,4,4,4,1.0000
50220,-1,4,4,4,4,1.0000
50280,-1,4,4,4,4,1.0000
50335,-1,4,4,4,4,1.0000
50391,-1,4,4,4,4,1.0000
50446,-1,4,4,4,4,1.0000
50502,-1,4,4,4,4,1.0000
50559,-1,4,4,4,4,1.0000
50614,-1,4,4,5,10,0.5000
50748,-1,4,4,5,10,0.5000
50804,-1,4,4,5,10,0.5000
50859,-1,4,4,5,10,0.5000
50914,-1,4,4,5,10,0.5000
50970,-1,4,4,5,10,0.5000
51026,-1,4,4,5,10,0.5000
51082,-1,4,4,5,10,0.5000
51138,-1,4,4,5,10,0.5000
51194,-1,4,4,5,10,0.5000
51251,-1,4,4,5,10,0.5000
51309,-1,4,4,5,10,0.5000
51365,-1,4,4,5,10,0.5000
51497,-1,4,4,5,10,0.5000
51553,-1,4,4,5,10,0.5000
51609,-1,4,4,5,10,0.5000
51665,-1,4,4,5,10,0.5000
51721,-1,4,4,5,10,0.5000
51777,-1,4,4,5,10,0.5000
51832,-1,4,4,5,10,0.5000
51887,-1,4,4,5,10,0.5000
51942,-1,4,4,5,10,0.5000
51998,-1,4,4,5,10,0.5000
52055,-1,4,4,5,10,0.5000
52112,-1,4,4,5,10,0.5000
52167,-1,4,4,5,10,0.5000
52305,-1,4,4,5,10,0.5000
52360,-1,4,4,5,10,0.5000
52417,-1,4,4,5,10,0.5000
52473,-1,4,4,5,10,0.5000
52529,-1,4,4,5,10,0.5000
52586,-1,4,4,5,10,0.5000
52642,-1,4,4,5,10,0.5000
52699,-1,4,4,5,10,0.5000
52755,-1,4,4,5,10,0.5000
52812,-1,4,4,5,10,0.5000
52868,-1,4,4,5,10,0.5000
52924,-1,4,4,5,10,0.5000
53059,-1,4,4,5,10,0.5000
53114,-1,4,4,5,10,0.5000
53170,-1,4,4,5,10,0.5000
53227,-1,4,4,5,10,0.5000
53287,-1,4,4,5,10,0.5000
53343,-1,4,4,5,10,0.5000
53398,-1,4,4,5,10,0.5000
53453,-1,4,4,5,10,0.5000
53509,-1,4,4,5,10,0.5000
53564,-1,4,4,5,10,0.5000
53621,-1,4,4,5,10,0.5000
53677,-1,4,4,5,10,0.5000
53733,-1,4,4,5,10,0.5000
53869,-1,4,4,5,10,0.5000
53924,-1,4,4,5,10,0.5000
53980,-1,4,4,5,10,0.5000
54035,-1,4,4,5,10,0.5000
54091,-1,4,4,5,10,0.5000
54149,-1,4,4,5,10,0.5000
54206,-1,4,4,5,10,0.5000
54263,-1,4,4,5,10,0.5000
54318,-1,4,4,5,10,0.5000
54373,-1,4,4,5,10,0.5000
54429,-1,5,5,5,10,0.5000
54484,-1,5,5,5,8,0.6250
54622,-1,5,5,5,8,0.6250
54676,-1,5,5,5,8,0.6250
54733,-1,5,5,5,8,0.6250
54789,-1,5,5,5,8,0.6250
54844,-1,5,5,5,8,0.6250
54900,-1,5,5,5,8,0.6250
54956,-1,5,5,5,8,0.6250
55013,-1,5,5,5,8,0.6250
55068,-1,5,5,5,6,0.8333
55123,-1,5,5,5,6,0.8333
55179,-1,5,5,5,6,0.8333
55235,-1,5,5,5,6,0.8333
55294,-1,5,5,5,5,1.0000
55430,-1,5,5,5,5,1.0000
55485,-1,5,5,5,5,1.0000
55539,-1,5,5,5,5,1.0000
55595,-1,5,5,5,5,1.0000
55652,-1,5,5,5,5,1.0000
55707,-1,5,5,5,5,1.0000
55762,-1,5,5,5,5,1.0000
55817,-1,5,5,5,5,1.0000
55872,-1,5,5,5,5,1.0000
55928,-1,5,5,5,5,1.0000
55982,-1,5,5,5,5,1.0000
56038,-1,5,5,5,5,1.0000
56176,-1,5,5,5,5,1.0000
56232,-1,5,5,5,5,1.0000
56293,-1,5,5,5,5,1.0000
56348,-1,5,5,5,5,1.0000
56404,-1,5,5,5,5,1.0000
56459,-1,5,5,5,5,1.0000
56515,-1,5,5,5,5,1.0000
56571,-1,5,5,5,5,1.0000
56625,-1,5,5,5,5,1.0000
56682,-1,5,5,5,5,1.0000
56737,-1,5,5,5,5,1.0000
56793,-1,5,5,5,5,1.0000
56849,-1,5,5,5,5,1.0000
56986,-1,5,5,5,5,1.0000
57043,-1,5,5,5,5,1.0000
57098,-1,5,5,5,5,1.0000
57154,-1,5,5,5,5,1.0000
57208,-1,5,5,5,5,1.0000
57268,-1,5,5,5,5,1.0000
57323,-1,5,5,5,5,1.0000
57378,-1,5,5,5,5,1.0000
57435,-1,5,5,5,5,1.0000
57491,-1,5,5,5,5,1.0000
57546,-1,5,5,5,5,1.0000
57601,-1,5,5,5,5,1.0000
57742,-1,5,5,5,5,1.0000
57798,-1,5,5,5,5,1.0000
57853,-1,5,5,5,5,1.0000
57909,-1,5,5,5,5,1.0000
57964,-1,5,5,5,5,1.0000
58019,-1,5,5,5,5,1.0000
58074,-1,5,5,5,5,1.0000
58130,-1,5,5,5,5,1.0000
58186,-1,5,5,5,5,1.0000
58241,-1,5,5,5,5,1.0000
58299,-1,5,5,5,5,1.0000
58355,-1,5,5,5,5,1.0000
58410,-1,5,5,5,5,1.0000
58552,-1,5,5,5,5,1.0000
58607,-1,5,5,5,5,1.0000
58662,-1,5,5,5,5,1.0000
58717,-1,5,5,5,5,1.0000
58774,-1,5,5,5,5,1.0000
58831,-1,5,5,5,5,1.0000
58886,-1,5,5,5,24,0.2083
58943,-1,5,5,4,8,0.5000
58999,-1,5,5,4,8,0.5000
59054,-1,5,5,4,8,0.5000
59109,-1,5,5,4,8,0.5000
59167,-1,5,5,4,8,0.5000
59313,-1,5,6,4,8,0.5000
59368,-1,5,6,4,8,0.5000
59422,-1,5,6,4,8,0.5000
59477,-1,5,6,5,5,1.0000
59533,-1,5,6,5,5,1.0000
59589,-1,5,6,5,5,1.0000
59644,-1,5,6,7,11,0.6364
59698,-1,5,6,7,11,0.6364
59754,-1,5,6,7,11,0.6364
59810,-1,5,6,7,11,0.6364
59867,-1,5,6,7,11,0.6364
59924,-1,5,6,7,11,0.6364
59980,-1,5,6,7,11,0.6364
60122,-1,5,6,7,11,0.6364
60177,-1,5,6,7,11,0.6364
60233,-1,5,6,7,11,0.6364
60297,-1,5,6,7,11,0.6364
60353,-1,5,6,7,11,0.6364
60408,-1,5,6,7,11,0.6364
60463,-1,5,6,7,11,0.6364
60518,-1,5,6,7,11,0.6364
60573,-1,5,6,7,11,0.6364
60628,-1,5,6,7,11,0.6364
60683,-1,5,6,7,11,0.6364
60739,-1,5,6,7,11,0.6364
60884,-1,5,6,7,11,0.6364
60940,-1,5,6,7,11,0.6364
60997,-1,5,6,7,11,0.6364
61053,-1,5,6,7,11,0.6364
61108,-1,5,6,7,11,0.6364
61163,-1,5,6,7,11,0.6364
61218,-1,5,6,7,11,0.6364
61277,-1,5,6,7,11,0.6364
61333,-1,5,6,7,11,0.6364
61389,-1,5,6,7,11,0.6364
61444,-1,5,6,7,11,0.6364
61502,-1,5,6,7,11,0.6364
61558,-1,5,6,7,11,0.6364
61703,-1,5,6,7,11,0.6364
61759,-1,5,6,7,11,0.6364
61814,-1,5,6,7,11,0.6364
61870,-1,5,6,7,11,0.6364
61925,-1,5,6,7,11,0.6364
61980,-1,5,6,7,11,0.6364
62035,-1,5,6,7,11,0.6364
62090,-1,5,7,7,11,0.6364
62145,-1,5,7,7,11,0.6364
62200,-1,5,7,7,11,0.6364
62259,-1,5,7,7,11,0.6364
62315,-1,5,7,7,11,0.6364
62463,-1,5,7,7,11,0.6364
62518,-1,5,7,7,11,0.6364
62573,-1,5,7,7,11,0.6364
62629,-1,5,7,7,11,0.6364
62684,-1,5,7,7,11,0.6364
62740,-1,5,7,7,11,0.6364
62796,-1,5,7,7,11,0.6364
62851,-1,5,7,7,11,0.6364
62907,-1,5,7,7,11,0.6364
62961,-1,5,7,7,11,0.6364
63016,-1,5,7,7,11,0.6364
63073,-1,5,7,7,11,0.6364
63128,-1,5,7,7,11,0.6364
63278,-1,5,7,7,11,0.6364
63334,-1,5,7,7,11,0.6364
63389,-1,5,7,7,11,0.6364
63444,-1,5,7,7,11,0.6364
63500,-1,5,7,7,11,0.6364
63556,-1,5,7,7,11,0.6364
63612,-1,5,7,7,11,0.6364
63666,-1,6,12,7,11,0.6364
63721,-1,6,12,7,11,0.6364
63777,-1,6,12,7,11,0.6364
63833,-1,6,12,7,11,0.6364
63887,-1,6,12,6,7,0.8571
64036,-1,6,12,6,7,0.8571
64093,-1,6,12,6,7,0.8571
64148,-1,6,12,6,7,0.8571
64203,-1,6,12,6,10,0.6000
64263,-1,6,12,6,10,0.6000
64318,-1,6,12,6,10,0.6000
64374,-1,6,12,6,10,0.6000
64429,-1,6,12,6,10,0.6000
64483,-1,6,12,6,10,0.6000
64538,-1,6,12,6,10,0.6000
64594,-1,6,12,6,8,0.7500
64651,-1,6,12,6,8,0.7500
64706,-1,6,12,6,8,0.7500
64855,-1,6,12,6,8,0.7500
64910,-1,6,12,6,8,0.7500
64965,-1,6,12,6,8,0.7500
65020,-1,6,12,6,8,0.7500
65075,-1,6,12,6,8,0.7500
65130,-1,6,12,6,8,0.7500
65185,-1,6,12,6,8,0.7500
65242,-1,6,12,6,8,0.7500
65302,-1,6,12,6,8,0.7500
65356,-1,6,12,6,8,0.7500
65412,-1,6,12,6,8,0.7500
65468,-1,6,12,6,24,0.2500
65618,-1,6,12,6,24,0.2500
65675,-1,6,12,6,24,0.2500
65730,-1,6,12,6,24,0.2500
65785,-1,6,12,6,24,0.2500
65841,-1,6,12,6,24,0.2500
65896,-1,6,12,6,24,0.2500
65953,-1,6,12,6,24,0.2500
66009,-1,6,12,6,24,0.2500
66065,-1,6,12,6,24,0.2500
66120,-1,6,12,6,24,0.2500
66175,-1,6,12,6,24,0.2500
66230,-1,6,12,6,24,0.2500
66291,-1,6,12,6,10,0.6000
66454,-1,6,12,6,10,0.6000
66509,-1,6,12,6,10,0.6000
66563,-1,6,12,6,10,0.6000
66618,-1,6,12,6,10,0.6000
66674,-1,6,12,6,10,0.6000
66728,-1,6,12,6,10,0.6000
66784,-1,6,12,6,10,0.6000
66839,-1,6,12,6,10,0.6000
66894,-1,6,12,6,10,0.6000
66949,-1,6,12,8,24,0.3333
67005,-1,6,12,8,24,0.3333
67061,-1,6,12,8,24,0.3333
67215,-1,6,12,8,24,0.3333
67274,-1,6,12,8,24,0.3333
67330,-1,6,12,8,24,0.3333
67384,-1,6,12,8,24,0.3333
67439,-1,6,12,8,24,0.3333
67494,-1,6,12,8,24,0.3333
67550,-1,6,12,8,24,0.3333
67605,-1,6,12,8,24,0.3333
67660,-1,6,12,8,24,0.3333
67716,-1,6,12,8,24,0.3333
67771,-1,6,12,8,24,0.3333
67825,-1,6,12,8,24,0.3333
67879,-1,6,12,8,24,0.3333
68034,-1,6,12,8,24,0.3333
68091,-1,6,12,8,24,0.3333
68147,-1,6,12,8,24,0.3333
68202,-1,6,12,8,24,0.3333
68260,-1,6,12,8,24,0.3333
68316,-1,6,12,8,24,0.3333
68373,-1,6,12,8,24,0.3333
68427,-1,6,12,8,24,0.3333
68483,-1,6,12,8,24,0.3333
68539,-1,6,12,8,24,0.3333
68595,-1,6,12,8,24,0.3333
68648,-1,6,12,8,24,0.3333
68803,-1,6,12,8,24,0.3333
68858,-1,6,12,8,24,0.3333
68914,-1,6,12,8,24,0.3333
68971,-1,6,12,8,24,0.3333
69027,-1,6,12,8,24,0.3333
69083,-1,6,12,8,24,0.3333
69138,-1,6,12,8,24,0.3333
69195,-1,6,12,8,24,0.3333
69251,-1,6,12,8,19,0.4211
69309,-1,6,12,8,19,0.4211
69365,-1,6,12,8,19,0.4211
69420,-1,6,12,8,19,0.4211
69475,-1,6,12,8,19,0.4211
69633,-1,6,12,8,19,0.4211
69688,-1,6,12,8,19,0.4211
69744,-1,6,12,8,19,0.4211
69799,-1,6,12,8,19,0.4211
69855,-1,6,12,8,19,0.4211
69910,-1,6,12,8,19,0.4211
69966,-1,6,12,8,19,0.4211
70021,-1,6,12,8,19,0.4211
70076,-1,6,12,8,19,0.4211
70132,-1,6,12,8,19,0.4211
70187,-1,6,12,8,19,0.4211
70241,-1,6,12,8,19,0.4211
70400,-1,6,12,8,19,0.4211
70454,-1,6,12,8,19,0.4211
70508,-1,6,12,8,19,0.4211
70563,-1,6,12,8,19,0.4211
70618,-1,6,12,8,19,0.4211
70674,-1,6,12,8,19,0.4211
70729,-1,6,12,8,19,0.4211
70784,-1,6,12,8,19,0.4211
70839,-1,6,12,8,19,0.4211
70893,-1,6,12,8,19,0.4211
70949,-1,6,12,8,19,0.4211
71005,-1,6,12,8,19,0.4211
71060,-1,6,12,8,19,0.4211
71221,-1,6,12,8,19,0.4211
71279,-1,6,12,8,19,0.4211
71333,-1,6,12,8,19,0.4211
71389,-1,6,12,8,19,0.4211
71445,-1,6,12,8,19,0.4211
71500,-1,6,12,8,19,0.4211
71556,-1,6,12,8,19,0.4211
71611,-1,6,12,8,19,0.4211
71666,-1,6,12,8,19,0.4211
71722,-1,6,12,8,19,0.4211
71777,-1,6,12,8,19,0.4211
71833,-1,6,12,8,19,0.4211
71992,-1,6,12,8,19,0.4211
72047,-1,6,12,8,19,0.4211
72102,-1,6,12,8,19,0.4211
72158,-1,6,12,8,19,0.4211
72213,-1,6,12,8,19,0.4211
72275,-1,6,12,8,19,0.4211
72332,-1,6,12,8,19,0.4211
72388,-1,6,12,8,19,0.4211
72443,-1,6,12,8,19,0.4211
72499,-1,6,12,8,19,0.4211
72554,-1,6,12,8,19,0.4211
72609,-1,6,12,8,19,0.4211
72666,-1,6,12,8,19,0.4211
72829,-1,6,12,7,10,0.7000
72884,-1,6,12,7,10,0.7000
72940,-1,6,12,7,10,0.7000
72996,-1,6,12,7,10,0.7000
73052,-1,6,12,7,10,0.7000
73109,-1,6,12,7,10,0.7000
73165,-1,6,12,7,10,0.7000
73221,-1,6,12,7,10,0.7000
73280,-1,6,12,7,10,0.7000
73335,-1,6,12,7,10,0.7000
73391,-1,6,12,7,10,0.7000
73447,-1,6,12,7,10,0.7000
73609,-1,6,12,7,10,0.7000
73666,-1,6,12,7,10,0.7000
73721,-1,6,12,7,10,0.7000
73777,-1,6,12,7,10,0.7000
73832,-1,6,12,7,10,0.7000
73887,-1,6,12,7,10,0.7000
73943,-1,6,12,7,10,0.7000
73999,-1,6,12,7,10,0.7000
74055,-1,6,12,7,10,0.7000
74111,-1,6,12,7,10,0.7000
74167,-1,6,12,7,10,0.7000
74223,-1,6,12,7,10,0.7000
74281,-1,6,12,7,10,0.7000
74443,-1,6,12,7,10,0.7000
74499,-1,6,12,7,10,0.7000
74554,-1,6,12,7,10,0.7000
74611,-1,6,12,7,10,0.7000
74666,-1,6,12,7,10,0.7000
74722,-1,6,12,7,10,0.7000
74777,-1,6,12,7,10,0.7000
74833,-1,6,12,7,10,0.7000
74890,-1,6,12,7,10,0.7000
74944,-1,6,12,7,10,0.7000
75000,-1,6,12,7,10,0.7000
75055,-1,6,12,7,10,0.7000
75220,-1,6,14,7,12,0.5833
75281,-1,6,14,7,12,0.5833
75340,-1,6,14,7,12,0.5833
75396,-1,6,14,7,12,0.5833
75452,-1,6,14,8,24,0.3333
75508,-1,6,14,8,24,0.3333
75564,-1,6,14,8,24,0.3333
75620,-1,6,14,8,24,0.3333
75677,-1,6,14,8,24,0.3333
75734,-1,6,14,8,24,0.3333
75789,-1,6,14,8,24,0.3333
75844,-1,6,14,8,24,0.3333
75899,-1,6,14,8,24,0.3333
76064,-1,6,14,8,24,0.3333
76119,-1,6,14,8,24,0.3333
76175,-1,6,14,8,24,0.3333
76232,-1,6,14,6,18,0.3333
76292,-1,6,14,6,18,0.3333
76347,-1,6,14,6,18,0.3333
76403,-1,6,14,6,18,0.3333
76460,-1,6,14,6,18,0.3333
76516,-1,6,14,6,18,0.3333
76572,-1,6,14,6,18,0.3333
76629,-1,6,14,6,18,0.3333
76686,-1,6,14,6,18,0.3333
76855,-1,6,14,6,18,0.3333
76911,-1,6,14,6,18,0.3333
76967,-1,6,14,6,18,0.3333
77024,-1,6,14,6,18,0.3333
77080,-1,6,14,6,18,0.3333
77137,-1,6,14,6,18,0.3333
77192,-1,6,14,6,18,0.3333
77247,-1,6,14,6,18,0.3333
77307,-1,6,14,6,18,0.3333
77362,-1,6,14,6,18,0.3333
77420,-1,6,14,6,18,0.3333
77476,-1,6,14,6,18,0.3333
77532,-1,6,14,6,18,0.3333
77700,-1,6,14,6,18,0.3333
77757,-1,6,14,6,18,0.3333
77812,-1,6,14,6,18,0.3333
77868,-1,6,14,6,18,0.3333
77924,-1,6,14,6,18,0.3333
77979,-1,6,14,6,18,0.3333
78035,-1,6,14,6,18,0.3333
78090,-1,6,14,6,18,0.3333
78147,-1,6,14,6,18,0.3333
78203,-1,6,14,6,18,0.3333
78263,-1,6,14,6,18,0.3333
78318,-1,6,14,6,18,0.3333
78487,-1,6,14,6,18,0.3333
78544,-1,6,14,6,18,0.3333
78599,-1,6,14,6,18,0.3333
78655,-1,6,14,6,18,0.3333
78711,-1,6,14,8,24,0.3333
78766,-1,7,21,8,24,0.3333
78822,-1,7,21,6,12,0.5000
78878,-1,7,21,6,12,0.5000
78934,-1,7,21,6,12,0.5000
78991,-1,7,21,6,12,0.5000
79047,-1,7,21,6,12,0.5000
79101,-1,7,21,6,12,0.5000
79158,-1,7,21,6,12,0.5000
79336,-1,7,21,6,12,0.5000
79391,-1,7,21,6,12,0.5000
79446,-1,7,21,6,12,0.5000
79502,-1,7,21,6,12,0.5000
79557,-1,7,21,6,12,0.5000
79613,-1,7,21,7,10,0.7000
79669,-1,7,21,6,9,0.6667
79724,-1,7,21,6,9,0.6667
79780,-1,7,21,6,9,0.6667
79836,-1,7,21,6,9,0.6667
79891,-1,7,21,6,9,0.6667
79947,-1,7,21,6,9,0.6667
80118,-1,7,21,6,9,0.6667
80173,-1,7,21,6,9,0.6667
80228,-1,7,21,6,9,0.6667
80290,-1,7,21,6,9,0.6667
80346,-1,7,21,6,9,0.6667
80402,-1,7,21,6,9,0.6667
80458,-1,7,21,6,9,0.6667
80515,-1,7,21,6,9,0.6667
80571,-1,7,21,6,9,0.6667
80627,-1,7,21,6,9,0.6667
80683,-1,7,21,6,9,0.6667
80737,-1,7,21,6,9,0.6667
80793,-1,7,21,6,9,0.6667
80964,-1,7,21,6,9,0.6667
81021,-1,7,21,6,9,0.6667
81077,-1,7,21,6,9,0.6667
81133,-1,7,21,6,9,0.6667
81189,-1,7,21,6,9,0.6667
81244,-1,7,21,6,9,0.6667
81306,-1,7,21,6,9,0.6667
81362,-1,7,21,6,9,0.6667
81417,-1,7,21,6,9,0.6667
81472,-1,7,21,6,9,0.6667
81528,-1,7,21,6,9,0.6667
81584,-1,7,21,6,9,0.6667
81758,-1,7,21,6,9,0.6667
81815,-1,7,21,6,9,0.6667
81871,-1,7,21,7,9,0.7778
81928,-1,7,21,7,9,0.7778
81985,-1,7,21,7,9,0.7778
82040,-1,7,21,6,15,0.4000
82095,-1,7,21,6,15,0.4000
82151,-1,7,21,6,15,0.4000
82206,-1,7,21,6,15,0.4000
82269,-1,7,21,6,15,0.4000
82325,-1,7,21,6,15,0.4000
82380,-1,7,21,6,15,0.4000
82436,-1,7,21,6,15,0.4000
82609,-1,7,21,6,15,0.4000
82665,-1,7,21,6,15,0.4000
82721,-1,7,21,6,15,0.4000
82777,-1,7,21,6,15,0.4000
82834,-1,7,21,6,15,0.4000
82890,-1,7,21,6,15,0.4000
82946,-1,7,21,6,15,0.4000
83002,-1,7,21,6,15,0.4000
83057,-1,7,21,6,15,0.4000
83112,-1,7,21,6,15,0.4000
83167,-1,7,21,6,15,0.4000
83223,-1,7,21,6,15,0.4000
83405,-1,7,21,6,15,0.4000
83461,-1,7,21,6,15,0.4000
83516,-1,7,21,7,8,0.8750
83572,-1,7,21,7,8,0.8750
83627,-1,7,21,7,8,0.8750
83683,-1,7,21,7,8,0.8750
83738,-1,7,21,7,8,0.8750
83793,-1,7,21,7,8,0.8750
83849,-1,7,21,7,8,0.8750
83904,-1,7,21,7,8,0.8750
83960,-1,7,21,7,8,0.8750
84016,-1,7,21,7,8,0.8750
84073,-1,7,21,7,8,0.8750
84254,-1,7,21,7,8,0.8750
84312,-1,7,21,7,8,0.8750
84367,-1,7,21,7,8,0.8750
84422,-1,7,21,7,8,0.8750
84477,-1,7,21,7,8,0.8750
84532,-1,7,21,7,8,0.8750
84588,-1,7,21,7,8,0.8750
84644,-1,7,21,7,8,0.8750
84700,-1,7,21,7,8,0.8750
84757,-1,7,21,7,8,0.8750
84814,-1,7,21,7,8,0.8750
84869,-1,7,21,7,8,0.8750
85046,-1,7,21,7,8,0.8750
85102,-1,7,21,7,8,0.8750
85156,-1,7,21,7,8,0.8750
85212,-1,7,21,7,8,0.8750
85272,-1,7,21,7,8,0.8750
85329,-1,7,21,7,8,0.8750
85384,-1,7,21,7,8,0.8750
85440,-1,7,21,7,8,0.8750
85498,-1,7,21,7,8,0.8750
85553,-1,7,21,7,8,0.8750
85609,-1,7,21,7,8,0.8750
85665,-1,7,21,7,8,0.8750
85720,-1,7,21,7,8,0.8750
85897,-1,7,21,7,8,0.8750
85953,-1,7,21,7,8,0.8750
86008,-1,7,21,7,8,0.8750
86074,-1,7,21,7,8,0.8750
86129,-1,7,21,7,8,0.8750
86185,-1,7,21,7,8,0.8750
86240,-1,7,21,7,8,0.8750
86300,-1,7,21,7,8,0.8750
86357,-1,7,21,7,8,0.8750
86414,-1,7,21,7,8,0.8750
86469,-1,7,21,7,8,0.8750
86524,-1,7,21,7,8,0.8750
86704,-1,7,21,7,8,0.8750
86759,-1,7,21,7,8,0.8750
86815,-1,7,21,7,8,0.8750
86872,-1,7,21,7,8,0.8750
86929,-1,7,21,7,8,0.8750
86985,-1,7,21,7,8,0.8750
87041,-1,7,21,7,8,0.8750
87096,-1,7,21,7,8,0.8750
87152,-1,7,21,7,8,0.8750
87207,-1,7,21,7,8,0.8750
87268,-1,7,21,7,8,0.8750
87324,-1,7,21,7,8,0.8750
87380,-1,7,21,7,8,0.8750
87565,-1,7,21,7,8,0.8750
87619,-1,7,21,7,8,0.8750
87675,-1,7,21,7,8,0.8750
87731,-1,7,21,7,8,0.8750
87786,-1,7,21,7,8,0.8750
87842,-1,7,21,7,8,0.8750
87897,-1,7,21,7,8,0.8750
87952,-1,7,21,7,8,0.8750
88008,-1,7,21,7,8,0.8750
88063,-1,7,21,7,8,0.8750
88119,-1,7,21,7,8,0.8750
88174,-1,7,21,7,8,0.8750
88360,-1,7,21,7,8,0.8750
88415,-1,7,21,7,8,0.8750
88470,-1,7,21,7,8,0.8750
88526,-1,7,21,7,8,0.8750
88583,-1,7,21,7,8,0.8750
88638,-1,7,21,7,8,0.8750
88693,-1,7,21,7,8,0.8750
88749,-1,7,21,7,8,0.8750
88805,-1,7,21,7,8,0.8750
88861,-1,7,21,7,8,0.8750
88917,-1,7,21,7,8,0.8750
88973,-1,7,21,7,8,0.8750
89029,-1,7,21,7,8,0.8750
89212,-1,7,21,7,8,0.8750
89271,-1,7,21,7,8,0.8750
89327,-1,7,21,7,8,0.8750
89384,-1,7,21,7,8,0.8750
89439,-1,7,21,7,8,0.8750
89495,-1,8,22,7,8,0.8750
89551,-1,8,22,7,8,0.8750
89605,-1,8,22,7,8,0.8750
89660,-1,8,22,7,8,0.8750
89716,-1,8,22,7,8,0.8750
89773,-1,8,22,7,8,0.8750
89829,-1,8,22,7,8,0.8750
90018,-1,8,22,7,8,0.8750
90074,-1,8,22,7,8,0.8750
90131,-1,8,22,7,8,0.8750
90187,-1,8,22,7,8,0.8750
90242,-1,8,22,7,8,0.8750
90303,-1,8,22,7,8,0.8750
90360,-1,8,22,7,8,0.8750
90417,-1,8,22,7,24,0.2917
90473,-1,8,22,7,24,0.2917
90530,-1,8,22,7,24,0.2917
90587,-1,8,22,7,24,0.2917
90645,-1,8,22,7,24,0.2917
90701,-1,8,22,7,24,0.2917
90886,-1,8,22,7,24,0.2917
90942,-1,8,22,7,24,0.2917
90999,-1,8,22,7,24,0.2917
91057,-1,8,22,7,24,0.2917
91114,-1,8,22,7,24,0.2917
91170,-1,8,22,7,24,0.2917
91226,-1,8,22,7,24,0.2917
91288,-1,8,22,7,24,0.2917
91345,-1,8,22,7,24,0.2917
91402,-1,8,22,7,24,0.2917
91458,-1,8,22,7,24,0.2917
91513,-1,8,22,7,24,0.2917
91699,-1,8,22,7,24,0.2917
91755,-1,8,22,7,24,0.2917
91813,-1,8,22,7,24,0.2917
91870,-1,8,22,7,24,0.2917
91927,-1,8,22,7,24,0.2917
91984,-1,8,22,7,24,0.2917
92040,-1,8,22,7,24,0.2917
92098,-1,8,22,7,24,0.2917
92154,-1,8,22,7,24,0.2917
92209,-1,8,22,7,24,0.2917
92269,-1,8,22,7,24,0.2917
92326,-1,8,22,7,24,0.2917
92382,-1,8,22,7,24,0.2917
92571,-1,8,22,7,24,0.2917
92629,-1,8,22,7,24,0.2917
92686,-1,8,22,7,24,0.2917
92741,-1,8,22,7,24,0.2917
92797,-1,8,22,7,24,0.2917
92854,-1,8,22,7,24,0.2917
92910,-1,8,22,7,24,0.2917
92968,-1,8,22,7,24,0.2917
93024,-1,8,22,7,24,0.2917
93081,-1,8,22,7,24,0.2917
93138,-1,8,22,7,24,0.2917
93195,-1,8,22,7,24,0.2917
93389,-1,8,22,7,24,0.2917
93445,-1,11,26,7,24,0.2917
93501,-1,11,26,7,24,0.2917
93557,-1,11,26,7,24,0.2917
93613,-1,11,26,7,24,0.2917
93669,-1,11,26,7,24,0.2917
93727,-1,11,26,9,11,0.8182
93783,-1,11,26,9,11,0.8182
93838,-1,11,26,9,11,0.8182
93894,-1,11,26,12,13,0.9231
93951,-1,11,26,12,13,0.9231
94008,-1,11,26,12,13,0.9231
94065,-1,11,26,12,13,0.9231
94262,-1,11,26,12,13,0.9231
94322,-1,11,26,12,13,0.9231
94379,-1,11,26,12,13,0.9231
94435,-1,11,26,12,13,0.9231
94493,-1,11,26,10,13,0.7692
94549,-1,11,26,10,13,0.7692
94605,-1,11,26,10,13,0.7692
94661,-1,11,26,10,13,0.7692
94718,-1,11,26,10,13,0.7692
94774,-1,11,26,9,10,0.9000
94832,-1,11,26,9,10,0.9000
94888,-1,11,26,9,10,0.9000
95080,-1,11,26,9,10,0.9000
95136,-1,11,26,9,10,0.9000
95193,-1,11,26,9,10,0.9000
95250,-1,11,26,9,10,0.9000
95313,-1,11,26,9,10,0.9000
95370,-1,11,26,9,10,0.9000
95426,-1,11,27,9,10,0.9000
95481,-1,11,27,9,10,0.9000
95538,-1,11,27,9,10,0.9000
95594,-1,11,27,9,10,0.9000
95651,-1,11,27,9,10,0.9000
95706,-1,11,27,9,10,0.9000
95761,-1,11,27,9,10,0.9000
95952,-1,11,27,9,10,0.9000
96009,-1,11,27,9,10,0.9000
96066,-1,11,27,9,10,0.9000
96124,-1,11,27,9,10,0.9000
96181,-1,11,27,9,10,0.9000
96240,-1,11,27,9,10,0.9000
96301,-1,11,27,9,10,0.9000
96358,-1,11,27,9,10,0.9000
96415,-1,11,27,9,10,0.9000
96471,-1,11,27,9,9,1.0000
96527,-1,11,27,9,9,1.0000
96584,-1,11,27,9,9,1.0000
96779,-1,11,27,9,9,1.0000
96837,-1,11,27,9,9,1.0000
96892,-1,11,27,9,9,1.0000
96949,-1,11,27,9,9,1.0000
97006,-1,11,27,9,9,1.0000
97061,-1,11,27,9,9,1.0000
97117,-1,11,27,9,9,1.0000
97174,-1,11,27,9,9,1.0000
97231,-1,11,27,9,9,1.0000
97292,-1,11,27,9,9,1.0000
97350,-1,11,27,9,9,1.0000
97406,-1,11,27,9,9,1.0000
97461,-1,11,27,9,9,1.0000
97653,-1,11,27,9,11,0.8182
97710,-1,11,27,9,11,0.8182
97766,-1,11,27,9,11,0.8182
97822,-1,11,27,9,11,0.8182
97878,-1,11,28,9,11,0.8182
97934,-1,11,28,9,11,0.8182
97990,-1,11,28,9,11,0.8182
98046,-1,11,28,9,11,0.8182
98102,-1,11,28,9,11,0.8182
98159,-1,11,28,9,11,0.8182
98216,-1,11,28,9,11,0.8182
98277,-1,11,28,9,11,0.8182
98473,-1,11,28,9,11,0.8182
98529,-1,11,28,9,11,0.8182
98586,-1,11,28,9,11,0.8182
98642,-1,11,28,9,11,0.8182
98699,-1,11,28,9,11,0.8182
98756,-1,11,28,9,11,0.8182
98814,-1,11,28,9,11,0.8182
98870,-1,11,28,9,11,0.8182
98926,-1,11,28,9,11,0.8182
98983,-1,11,28,9,11,0.8182
99040,-1,11,28,10,12,0.8333
99096,-1,11,28,10,12,0.8333
99152,-1,11,28,10,11,0.9091
99359,-1,11,28,10,12,0.8333
99416,-1,11,28,10,12,0.8333
99473,-1,11,28,10,12,0.8333
99532,-1,11,28,10,12,0.8333
99589,-1,11,28,10,12,0.8333
99644,-1,11,28,10,12,0.8333
99701,-1,11,28,10,12,0.8333
99757,-1,11,28,10,12,0.8333
99814,-1,11,28,10,12,0.8333
99871,-1,11,28,10,12,0.8333
99926,-1,11,28,10,12,0.8333
99983,-1,11,28,10,12,0.8333
100185,-1,11,28,10,12,0.8333
100241,-1,11,28,10,12,0.8333
100302,-1,11,28,10,12,0.8333
100359,-1,11,28,10,12,0.8333
100416,-1,11,28,10,12,0.8333
100474,-1,11,28,10,12,0.8333
100531,-1,11,28,10,12,0.8333
100587,-1,11,28,10,12,0.8333
100644,-1,11,28,10,12,0.8333
100699,-1,11,28,10,12,0.8333
100756,-1,11,28,10,12,0.8333
100812,-1,11,28,10,12,0.8333
100867,-1,11,28,10,12,0.8333
101074,-1,11,28,10,12,0.8333
101131,-1,11,28,10,12,0.8333
101187,-1,11,28,10,12,0.8333
101244,-1,11,28,10,12,0.8333
101304,-1,11,28,10,12,0.8333
101360,-1,11,28,10,12,0.8333
101418,-1,11,28,10,12,0.8333
101474,-1,11,28,10,12,0.8333
101531,-1,11,28,10,12,0.8333
101587,-1,11,28,10,12,0.8333
101643,-1,11,28,10,12,0.8333
101700,-1,11,28,10,12,0.8333
101898,-1,11,28,10,12,0.8333
101954,-1,11,28,10,12,0.8333
102010,-1,11,28,10,12,0.8333
102067,-1,11,28,10,12,0.8333
102124,-1,11,28,10,12,0.8333
102180,-1,13,31,11,13,0.8462
102237,-1,13,31,11,13,0.8462
102298,-1,13,31,11,13,0.8462
102354,-1,13,31,11,13,0.8462
102409,-1,13,31,11,13,0.8462
102466,-1,13,31,11,13,0.8462
102522,-1,13,31,11,13,0.8462
102578,-1,13,31,11,13,0.8462
102779,-1,13,31,11,13,0.8462
